,PIC
0,404
1,412
2,417
3,422
4,433
5,442
6,447
7,449
8,451
9,453
10,460
11,462
12,467
13,469
14,477
15,481
16,485
17,491
18,496
19,500
20,501
21,505
22,506
23,510
24,512
25,513
26,516
27,517
28,521
29,535
30,536
31,541
32,549
33,552
34,553
35,560
36,567
37,568
38,573
39,575
40,581
41,585
42,586
43,591
44,592
45,598
46,600
47,604
48,613
49,614
50,630
51,634
52,639
53,640
54,648
55,650
56,657
57,671
58,672
59,676
60,683
61,692
62,696
63,698
64,702
65,712
66,715
67,716
68,718
69,719
70,722
71,723
72,724
73,725
74,734
75,737
76,738
77,747
78,756
79,759
80,762
81,766
82,772
83,773
84,775
85,787
86,794
87,807
88,808
89,809
90,812
91,824
92,828
93,834
94,835
95,839
96,840
97,841
98,842
99,851
100,852
101,858
102,862
103,863
104,866
105,873
106,878
107,883
108,887
109,892
110,896
111,897
112,905
113,909
114,927
115,934
116,936
117,952
118,965
119,967
120,968
121,969
122,980
123,982
124,983
125,992
126,993
127,999
128,1001
129,1006
130,1007
131,1011
132,1017
133,1018
134,1026
135,1027
136,1033
137,1034
138,1048
139,1055
140,1056
141,1060
142,1070
143,1081
144,1084
145,1088
146,1092
147,1099
148,1102
149,1124
150,1130
151,1139
152,1146
153,1159
154,1162
155,1163
156,1168
157,1173
158,1180
159,1182
160,1186
161,1188
162,1191
163,1198
164,1205
165,1208
166,1227
167,1228
168,1238
169,1241
170,1250
171,1257
172,1267
173,1268
174,1269
175,1276
176,1280
177,1283
178,1288
179,1290
180,1291
181,1295
182,1297
183,1303
184,1313
185,1314
186,1315
187,1317
188,1318
189,1325
190,1337
191,1346
192,1347
193,1350
194,1351
195,1354
196,1355
197,1360
198,1376
199,1384
200,1386
201,1394
202,1395
203,1399
204,1403
205,1412
206,1413
207,1420
208,1428
209,1430
210,1431
211,1438
212,1444
213,1445
214,1447
215,1449
216,1454
217,1455
218,1464
219,1467
220,1468
221,1469
222,1473
223,1479
224,1484
225,1487
226,1488
227,1489
228,1496
229,1507
230,1513
231,1514
232,1515
233,1524
234,1539
235,1544
236,1545
237,1546
238,1556
239,1557
240,1558
241,1571
242,1575
243,1588
244,1602
245,1604
246,1609
247,1610
248,1611
249,1613
250,1615
251,1617
252,1618
253,1625
254,1626
255,1636
256,1642
257,1651
258,1656
259,1662
260,1663
261,1669
262,1670
263,1672
264,1677
265,1687
266,1691
267,1692
268,1697
269,1705
270,1711
271,1717
272,1722
273,1723
274,1724
275,1725
276,1729
277,1740
278,1747
279,1748
280,1752
281,1763
282,1764
283,1774
284,1776
285,1782
286,1786
287,1793
288,1797
289,1798
290,1803
291,1811
292,1821
293,1824
294,1825
295,1829
296,1861
297,1866
298,1869
299,1870
300,1889
301,1899
302,1905
303,1912
304,1913
305,1915
306,1924
307,1934
308,1937
309,1943
310,1962
311,1963
312,1970
313,1971
314,1974
315,1978
316,1979
317,1988
318,1992
319,1995
320,1996
321,1997
322,2004
323,2007
324,2008
325,2011
326,2012
327,2025
328,2026
329,2027
330,2041
331,2042
332,2046
333,2048
334,2054
335,2056
336,2061
337,2074
338,2078
339,2083
340,2084
341,2099
342,2106
343,2107
344,2111
345,2117
346,2124
347,2125
348,2134
349,2146
350,2154
351,2169
352,2170
353,2172
354,2174
355,2177
356,2183
357,2186
358,2194
359,2195
